{"cameraMode":{"drawMode":0,"name":"Shaded","section":"Shading Mode"},"sceneLighting":true,"audioPlay":false,"sceneViewState":{"showFog":true,"showMaterialUpdate":false,"showSkybox":true,"showFlares":true,"showImageEffects":true,"showParticleSystems":true},"in2DMode":false,"pivot":{"x":2.064474582672119,"y":1.682138442993164,"z":0.4128227233886719},"rotation":{"x":-0.2468739002943039,"y":0.1767183542251587,"z":-0.04584231227636337,"w":-0.9516974687576294},"size":8.035847663879395,"orthographic":false}